https://ru.hexlet.io/qna/java/questions/kak-zapustit-konsol-java;Java;Как запустить консоль java;"?




Для запуска консоли Java необходимо открыть командную строку и ввести команду «java -version». Эта команда покажет версию Java, которую вы используете. Далее вы можете использовать команду «java» для запуска консоли Java."
https://ru.hexlet.io/qna/java/questions/kak-dobavit-biblioteku-v-java;Java;Как добавить библиотеку в java;"1. Скачайте библиотеку и поместите ее в каталог в вашем проекте.




2. Добавьте библиотеку в ваш проект с помощью команды «javac -cp путь_к_библиотеке».




3. Добавьте библиотеку в ваш класспатч с помощью команды «java -cp путь_к_библиотеке».




4. Проверьте, что библиотека добавлена в ваш проект, используя команду «java -cp путь_к_библиотеке»."
https://ru.hexlet.io/qna/java/questions/kak-napisat-kavychki-v-java;Java;Как написать кавычки в java;"В Java для записи кавычек используются символы двойного кавычения: \"""
https://ru.hexlet.io/qna/java/questions/kak-zabrat-znachenie-peremennoy-iz-tsikla-java;Java;Как забрать значение переменной из цикла java;"В Java можно использовать переменную типа final для хранения значения переменной из цикла. Переменная типа final должна быть инициализирована до начала цикла, и ее значение не может быть изменено в течение цикла.




Например, для записи значения переменной из цикла for можно использовать следующий код:




final int[] array = new int[10];
for(int i = 0; i < array.length; i++) {
  array[i] = i;
  final int value = array[i];
  // используйте значение переменной value здесь
}"
https://ru.hexlet.io/qna/java/questions/kak-nayti-ostatok-ot-deleniya-java;Java;Как найти остаток от деления java;"Для нахождения остатка от деления в Java можно использовать оператор остатка от деления (%) или метод Math.IEEEremainder(). Например:




int remainder = 5 % 3; // Остаток будет равен 2 




double remainder = Math.IEEEremainder(5, 3); // Остаток будет равен 2.0"
https://ru.hexlet.io/qna/java/questions/kak-obratitsya-k-elementu-arraylist-java;Java;Как обратиться к элементу arraylist java;"Для обращения к элементу ArrayList в Java можно использовать метод get():




ArrayList<String> list = new ArrayList<String>();
list.add(""Элемент 1"");
list.add(""Элемент 2"");
list.add(""Элемент 3"");




// Обратиться к первому элементу
String element1 = list.get(0);




// Обратиться ко второму элементу
String element2 = list.get(1);




// Обратиться к третьему элементу
String element3 = list.get(2);"
https://ru.hexlet.io/qna/java/questions/kak-ostanovit-potok-java;Java;Как остановить поток java;Для остановки потока в Java можно использовать метод Thread.interrupt(). Этот метод прерывает поток и присваивает ему флаг прерывания. Поток может проверить этот флаг и прервать свою работу. Также можно использовать метод Thread.stop(), но он не рекомендуется из-за возможности возникновения непредсказуемых последствий.
https://ru.hexlet.io/qna/java/questions/kak-zadat-datu-v-java;Java;Как задать дату в java;"Для того, чтобы задать дату в Java, можно использовать класс Date из пакета java.util. Например, чтобы задать дату 1 января 2020 года, можно использовать следующий код:




import java.util.Date;




public class Main {
  public static void main(String[] args) {
  Date date = new Date(2020, 0, 1);
  System.out.println(date);
  }
}"
https://ru.hexlet.io/qna/java/questions/kak-vernut-znachenie-iz-metoda-java;Java;Как вернуть значение из метода java;"Чтобы вернуть значение из метода Java, необходимо использовать ключевое слово return. Например:




public int getNumber() {
  int number = 10;
  return number;
}"
https://ru.hexlet.io/qna/java/questions/kak-izmenit-znachenie-peremennoy-v-java;Java;Как изменить значение переменной в java;"Чтобы изменить значение переменной в Java, необходимо выполнить следующие действия:




1. Объявить переменную с помощью ключевого слова «var» или указать тип данных.




2. Инициализировать переменную, присвоив ей начальное значение.




3. Использовать оператор присваивания «=» для изменения значения переменной."
https://ru.hexlet.io/qna/java/questions/kak-importirovat-paket-v-java;Java;Как импортировать пакет в java;"Чтобы импортировать пакет в Java, необходимо использовать ключевое слово «import» перед именем пакета. Например:




import java.util.Scanner;




Это импортирует пакет java.util, а именно класс Scanner."
https://ru.hexlet.io/qna/java/questions/kak-ispolzovat-boolean-v-java;Java;Как использовать boolean в java;"Boolean в Java представляет собой логический тип данных, который может принимать два значения: true или false. Он предназначен для хранения логических значений и используется в большинстве языков программирования.




Boolean используется в многих операциях в Java, например, для сравнения двух значений. Вы можете использовать операторы сравнения, такие как ==, !=, >, <, >= и <=, чтобы сравнить два значения и получить логическое значение true или false. Например:




int x = 5;
int y = 10;
boolean result = (x < y);
// result равно true"
https://ru.hexlet.io/qna/java/questions/kak-vyvesti-chetnoe-chislo-v-java;Java;Как вывести четное число в java;"int number = 2;




System.out.println(number);"
https://ru.hexlet.io/qna/java/questions/kak-napisat-funktsiyu-v-java;Java;Как написать функцию в java;"Script




Ниже приведен пример функции написанной на JavaScript:




function sayHello(name) {
  console.log('Hello ' + name + '!');
}




sayHello('John'); // выведет 'Hello John!'"
https://ru.hexlet.io/qna/java/questions/kak-vyvesti-tekst-v-java;Java;Как вывести текст в java;"System.out.println(""Текст"");"
https://ru.hexlet.io/qna/java/questions/kak-vyvesti-neskolko-peremennyh-v-java;Java;Как вывести несколько переменных в java;"System.out.println(var1 + "" "" + var2 + "" "" + var3);"